Model,F1 Score,Precision,Recall
ChatGPT 5.1 Pro,0.9763253743423714,0.9765229710584902,0.9761278575763707
Claude Sonnet 4.5,0.9606554060888036,0.9605582524271845,0.9607525794052195
Copilot Smart (GPT-5),0.9457473578258682,0.9411057692307693,0.9504349585272102
Gemini 3 Pro,0.9409417398244214,0.9281637472938398,0.9540764717782723
Adobe Acrobat Pro,0.8842379331063489,0.8754709498314496,0.8931822779688449
